Type,Name,Request Count,Failure Count,Median Response Time,Average Response Time,Min Response Time,Max Response Time,Average Content Size,Requests/s,Failures/s,50%,66%,75%,80%,90%,95%,98%,99%,99.9%,99.99%,100%
GET,/lorem.html,693,0,1,3.544673746135541,0.8204539990401827,54.30663600054686,49142.0,330.90481484761875,0.0,1,1,1,1,2,27,46,48,54,54,54
GET,/test4.jpg,453,5,1,1.6075440617469032,0.9041889970831107,48.398954000731464,69837.56291390728,216.30574477052133,2.387480626606196,1,1,1,1,2,2,3,11,48,48,48
,Aggregated,1146,5,1,2.778949708589247,0.8204539990401827,54.30663600054686,57322.706806282724,547.2105596181401,2.387480626606196,1,1,1,1,2,6,39,46,53,54,54
