Type,Name,Request Count,Failure Count,Median Response Time,Average Response Time,Min Response Time,Max Response Time,Average Content Size,Requests/s,Failures/s,50%,66%,75%,80%,90%,95%,98%,99%,99.9%,99.99%,100%
GET,/lorem.html,22606,0,14,55.93021563372442,0.7166840005083941,8284.729539998807,49142.0,1110.3517424166314,0.0,14,18,22,28,38,66,350,930,6400,8300,8300
GET,/test4.jpg,14867,0,14,49.124130668258495,0.7692899998801295,8285.953491002147,70617.0,730.230883593208,0.0,14,18,22,28,38,63,300,740,5200,8300,8300
,Aggregated,37473,0,14,53.22997638996008,0.7166840005083941,8285.953491002147,57661.969711525635,1840.5826260098395,0.0,14,18,22,28,38,64,330,910,5700,8300,8300
